code;locatie;month;totaal;tegenrichting;hoofdrichting
BAT;Bataviabrug;2018-12;11776;5757;6019
BAT;Bataviabrug;2019-01;23082;11312;11770
BAT;Bataviabrug;2019-02;25816;12647;13169
BAT;Bataviabrug;2019-03;26945;13080;13865
BAT;Bataviabrug;2019-04;30133;14609;15524
BAT;Bataviabrug;2019-05;34975;16652;18323
BAT;Bataviabrug;2019-06;40488;18812;21676
BAT;Bataviabrug;2019-07;35474;16753;18721
BAT;Bataviabrug;2019-08;37707;17550;20157
BAT;Bataviabrug;2019-09;45442;20730;24712
BAT;Bataviabrug;2019-10;35022;16148;18874
BAT;Bataviabrug;2019-11;29618;14071;15547
BAT;Bataviabrug;2019-12;27771;13572;14199
BAT;Bataviabrug;2020-01;31440;15996;15444
BAT;Bataviabrug;2020-02;26877;13715;13162
BAT;Bataviabrug;2020-03;23466;11845;11621
BAT;Bataviabrug;2020-04;24030;11056;12974
BAT;Bataviabrug;2020-05;29301;13572;15729
BAT;Bataviabrug;2020-06;30933;14486;16447
BAT;Bataviabrug;2020-07;28180;13090;15090
BAT;Bataviabrug;2020-08;32501;15366;17135
BAT;Bataviabrug;2020-09;37778;18006;19772
BAT;Bataviabrug;2020-10;26107;12675;13432
BAT;Bataviabrug;2020-11;15228;7403;7825
BAT;Bataviabrug;2020-12;10853;5337;5516
BAT;Bataviabrug;2021-01;9763;5094;4669
BAT;Bataviabrug;2021-02;19798;10709;9089
BAT;Bataviabrug;2021-03;30399;15981;14418
BAT;Bataviabrug;2021-04;31309;16281;15028
BAT;Bataviabrug;2021-05;40802;21090;19712
BAT;Bataviabrug;2021-06;17346;8830;8516
BAT;Bataviabrug;2021-12;20614;10781;9833
BAT;Bataviabrug;2022-01;39479;21193;18286
BAT;Bataviabrug;2022-02;41129;22185;18944
BAT;Bataviabrug;2022-03;58030;31238;26792
BAT;Bataviabrug;2022-04;50895;27374;23521
BAT;Bataviabrug;2022-05;65729;34576;31153
BAT;Bataviabrug;2022-06;67950;35854;32096
BAT;Bataviabrug;2022-07;51283;26464;24819
BAT;Bataviabrug;2022-08;59465;30927;28538
BAT;Bataviabrug;2022-09;62199;34843;27356
BAT;Bataviabrug;2022-10;62559;35292;27267
BAT;Bataviabrug;2022-11;50919;28694;22225
BAT;Bataviabrug;2022-12;41703;22928;18775
BAT;Bataviabrug;2023-01;46524;25243;21281
BAT;Bataviabrug;2023-02;51191;27920;23271
BAT;Bataviabrug;2023-03;59848;32130;27718
BAT;Bataviabrug;2023-04;57279;31250;26029
BAT;Bataviabrug;2023-05;73842;39863;33979
BAT;Bataviabrug;2023-06;83247;44712;38535
BAT;Bataviabrug;2023-07;55919;30117;25802
BAT;Bataviabrug;2023-08;62763;33712;29051
BAT;Bataviabrug;2023-09;82765;44119;38646
BAT;Bataviabrug;2023-10;79595;42634;36961
BAT;Bataviabrug;2023-11;61389;32749;28640
BAT;Bataviabrug;2023-12;51872;27575;24297
BAT;Bataviabrug;2024-01;46518;25531;20987
BAT;Bataviabrug;2024-02;48748;26933;21815
BAT;Bataviabrug;2024-03;59744;35112;24632
BAT;Bataviabrug;2024-04;54144;30085;24059
BAT;Bataviabrug;2024-05;61468;33925;27543
BAT;Bataviabrug;2024-06;65717;37198;28519
BAT;Bataviabrug;2024-07;51141;24366;26775
BAT;Bataviabrug;2024-08;56309;15674;40635
BAT;Bataviabrug;2024-09;67567;17229;50338
BAT;Bataviabrug;2024-10;70496;18077;52419
BAT;Bataviabrug;2024-11;58065;15371;42694
BAT;Bataviabrug;2024-12;49989;13520;36469
BAT;Bataviabrug;2025-01;14536;3979;10557
BAT;Bataviabrug;2025-02;54942;15019;39923
BAT;Bataviabrug;2025-03;66326;17404;48922
BAT;Bataviabrug;2025-04;64711;16986;47725
BAT;Bataviabrug;2025-05;71708;18114;53594
BAT;Bataviabrug;2025-06;71234;17866;53368
BAT;Bataviabrug;2025-07;58132;16224;41908
BAT;Bataviabrug;2025-08;62685;18589;44096
BAT;Bataviabrug;2025-09;71269;19854;51415
BAT;Bataviabrug;2025-10;65583;18532;47051
BAT;Bataviabrug;2025-11;16168;4618;11550
BAT;Bataviabrug;2025-12;44027;13371;30656
BAT;Bataviabrug;2026-01;48914;15525;33389
BAT;Bataviabrug;2026-02;51659;15654;36005
BAT;Bataviabrug;2026-03;68794;20534;48260
BIK;Bijlokekaai;2021-08;151617;64708;86909
BIK;Bijlokekaai;2021-09;207192;89943;117249
BIK;Bijlokekaai;2021-10;206000;86548;119452
BIK;Bijlokekaai;2021-11;164673;68901;95772
BIK;Bijlokekaai;2021-12;121102;49479;71623
BIK;Bijlokekaai;2026-01;166394;78964;87430
BIK;Bijlokekaai;2026-02;183003;83815;99188
BIK;Bijlokekaai;2026-03;235634;108660;126974
COU;Coupure-Links;2021-03;190974;95363;95611
COU;Coupure-Links;2021-04;165128;83034;82094
COU;Coupure-Links;2021-05;174651;86510;88141
COU;Coupure-Links;2021-06;220065;109419;110646
COU;Coupure-Links;2021-07;155539;76319;79220
COU;Coupure-Links;2021-08;165908;81506;84402
COU;Coupure-Links;2021-09;245518;121332;124186
COU;Coupure-Links;2021-10;272865;136235;136630
COU;Coupure-Links;2021-11;216423;107732;108691
COU;Coupure-Links;2021-12;158339;80261;78078
COU;Coupure-Links;2022-01;151772;77044;74728
COU;Coupure-Links;2022-02;173059;87209;85850
COU;Coupure-Links;2022-03;251895;126228;125667
COU;Coupure-Links;2022-04;199802;101174;98628
COU;Coupure-Links;2022-05;252478;125177;127301
COU;Coupure-Links;2022-06;229834;114700;115134
COU;Coupure-Links;2022-07;179065;86574;92491
COU;Coupure-Links;2022-08;199651;97597;102054
COU;Coupure-Links;2022-09;244465;117241;127224
COU;Coupure-Links;2022-10;309247;154941;154306
COU;Coupure-Links;2022-11;253993;126197;127796
COU;Coupure-Links;2022-12;181866;92549;89317
COU;Coupure-Links;2023-01;171011;85380;85631
COU;Coupure-Links;2023-02;206116;102754;103362
COU;Coupure-Links;2023-03;259278;130715;128563
COU;Coupure-Links;2023-04;141252;72575;68677
COU;Coupure-Links;2023-05;273289;134716;138573
COU;Coupure-Links;2023-06;281044;136812;144232
COU;Coupure-Links;2023-07;182743;89346;93397
COU;Coupure-Links;2023-08;173588;85411;88177
COU;Coupure-Links;2024-05;99195;49936;49259
COU;Coupure-Links;2024-06;274667;139117;135550
COU;Coupure-Links;2024-07;195476;99636;95840
COU;Coupure-Links;2024-08;203663;103452;100211
COU;Coupure-Links;2024-09;278254;140980;137274
COU;Coupure-Links;2024-10;345427;173251;172176
COU;Coupure-Links;2024-11;295064;148332;146732
COU;Coupure-Links;2024-12;232745;118195;114550
COU;Coupure-Links;2025-01;226387;116433;109954
COU;Coupure-Links;2025-02;250268;128407;121861
COU;Coupure-Links;2025-03;253539;140654;112885
COU;Coupure-Links;2025-04;252371;138772;113599
COU;Coupure-Links;2025-05;277577;147102;130475
COU;Coupure-Links;2025-06;254515;136749;117766
COU;Coupure-Links;2025-07;196266;102396;93870
COU;Coupure-Links;2025-08;215503;108469;107034
COU;Coupure-Links;2025-09;312472;158794;153678
COU;Coupure-Links;2025-10;307788;155280;152508
COU;Coupure-Links;2025-11;259307;130795;128512
COU;Coupure-Links;2025-12;253573;127446;126127
COU;Coupure-Links;2026-01;226917;114950;111967
COU;Coupure-Links;2026-02;249964;127195;122769
COU;Coupure-Links;2026-03;340747;171966;168781
DAN;Dampoort-Noord;2024-08;78368;69426;8942
DAN;Dampoort-Noord;2024-09;112567;100752;11815
DAN;Dampoort-Noord;2024-10;119659;106998;12661
DAN;Dampoort-Noord;2024-11;103278;92782;10496
DAN;Dampoort-Noord;2024-12;91204;82565;8639
DAN;Dampoort-Noord;2025-01;86781;78873;7908
DAN;Dampoort-Noord;2025-02;89361;80670;8691
DAN;Dampoort-Noord;2025-03;111216;99425;11791
DAN;Dampoort-Noord;2025-04;107849;96180;11669
DAN;Dampoort-Noord;2025-05;118308;105476;12832
DAN;Dampoort-Noord;2025-06;117014;104434;12580
DAN;Dampoort-Noord;2025-07;119693;105717;13976
DAN;Dampoort-Noord;2025-08;106011;94004;12007
DAN;Dampoort-Noord;2025-09;113928;101007;12921
DAN;Dampoort-Noord;2025-10;95233;84267;10966
DAN;Dampoort-Noord;2025-11;82794;73172;9622
DAN;Dampoort-Noord;2025-12;80206;70414;9792
DAN;Dampoort-Noord;2026-01;71877;64252;7625
DAN;Dampoort-Noord;2026-02;75400;66940;8460
DAN;Dampoort-Noord;2026-03;130710;118301;12409
DAZ;Dampoort-Zuid;2018-12;67395;18901;48494
DAZ;Dampoort-Zuid;2019-01;143434;45561;97873
DAZ;Dampoort-Zuid;2019-02;141824;47111;94713
DAZ;Dampoort-Zuid;2019-03;169563;43234;126329
DAZ;Dampoort-Zuid;2019-04;162522;40227;122295
DAZ;Dampoort-Zuid;2019-05;169176;33373;135803
DAZ;Dampoort-Zuid;2019-06;166581;30496;136085
DAZ;Dampoort-Zuid;2019-07;148828;24829;123999
DAZ;Dampoort-Zuid;2019-08;121083;23380;97703
DAZ;Dampoort-Zuid;2019-09;151229;30261;120968
DAZ;Dampoort-Zuid;2019-10;152909;30846;122063
DAZ;Dampoort-Zuid;2019-11;130418;25928;104490
DAZ;Dampoort-Zuid;2019-12;115052;21509;93543
DAZ;Dampoort-Zuid;2020-01;126471;25068;101403
DAZ;Dampoort-Zuid;2020-02;106433;20813;85620
DAZ;Dampoort-Zuid;2020-03;77258;13955;63303
DAZ;Dampoort-Zuid;2020-04;69664;9018;60646
DAZ;Dampoort-Zuid;2020-05;99106;12472;86634
DAZ;Dampoort-Zuid;2020-06;118673;14758;103915
DAZ;Dampoort-Zuid;2020-07;103400;13197;90203
DAZ;Dampoort-Zuid;2020-08;103052;13486;89566
DAZ;Dampoort-Zuid;2020-09;141292;19157;122135
DAZ;Dampoort-Zuid;2020-10;118159;15681;102478
DAZ;Dampoort-Zuid;2020-11;77546;10013;67533
DAZ;Dampoort-Zuid;2020-12;78531;9969;68562
DAZ;Dampoort-Zuid;2021-01;75178;9872;65306
DAZ;Dampoort-Zuid;2021-02;76672;10324;66348
DAZ;Dampoort-Zuid;2021-03;106344;15005;91339
DAZ;Dampoort-Zuid;2021-04;101692;17653;84039
DAZ;Dampoort-Zuid;2021-05;97989;13682;84307
DAZ;Dampoort-Zuid;2021-06;169958;20410;149548
DAZ;Dampoort-Zuid;2021-07;134067;15533;118534
DAZ;Dampoort-Zuid;2021-08;144461;16220;128241
DAZ;Dampoort-Zuid;2021-09;210726;25572;185154
DAZ;Dampoort-Zuid;2021-10;110895;14803;96092
DAZK;Dampoort-Zuid;2024-08;116723;91601;25122
DAZK;Dampoort-Zuid;2024-09;189403;145781;43622
DAZK;Dampoort-Zuid;2024-10;207736;158798;48938
DAZK;Dampoort-Zuid;2024-11;179394;136872;42522
DAZK;Dampoort-Zuid;2024-12;152144;117537;34607
DAZK;Dampoort-Zuid;2025-01;155349;118608;36741
DAZK;Dampoort-Zuid;2025-02;160808;122621;38187
DAZK;Dampoort-Zuid;2025-03;191886;146993;44893
DAZK;Dampoort-Zuid;2025-04;179504;137452;42052
DAZK;Dampoort-Zuid;2025-05;200473;153304;47169
DAZK;Dampoort-Zuid;2025-06;200575;153421;47154
DAZK;Dampoort-Zuid;2025-07;179161;142444;36717
DAZK;Dampoort-Zuid;2025-08;169276;129962;39314
DAZK;Dampoort-Zuid;2025-09;200958;152427;48531
DAZK;Dampoort-Zuid;2025-10;203674;152775;50899
DAZK;Dampoort-Zuid;2025-11;174616;131601;43015
DAZK;Dampoort-Zuid;2025-12;160519;121628;38891
DAZK;Dampoort-Zuid;2026-01;152043;114060;37983
DAZK;Dampoort-Zuid;2026-02;156243;117548;38695
DAZK;Dampoort-Zuid;2026-03;227559;171251;56308
DRO;Spoorwegbrug Drongen (F6);2024-04;8684;4260;4424
DRO;Spoorwegbrug Drongen (F6);2024-05;34200;16699;17501
DRO;Spoorwegbrug Drongen (F6);2024-06;36192;17501;18691
DRO;Spoorwegbrug Drongen (F6);2024-07;27951;13722;14229
DRO;Spoorwegbrug Drongen (F6);2024-08;28110;13784;14326
DRO;Spoorwegbrug Drongen (F6);2024-09;32552;16295;16257
DRO;Spoorwegbrug Drongen (F6);2024-10;32253;16237;16016
DRO;Spoorwegbrug Drongen (F6);2024-11;25785;13008;12777
DRO;Spoorwegbrug Drongen (F6);2024-12;20023;10044;9979
DRO;Spoorwegbrug Drongen (F6);2025-01;19981;10037;9944
DRO;Spoorwegbrug Drongen (F6);2025-02;22229;11140;11089
DRO;Spoorwegbrug Drongen (F6);2025-03;31643;15897;15746
DRO;Spoorwegbrug Drongen (F6);2025-04;29005;14636;14369
DRO;Spoorwegbrug Drongen (F6);2025-05;33166;16494;16672
DRO;Spoorwegbrug Drongen (F6);2025-06;33960;16963;16997
DRO;Spoorwegbrug Drongen (F6);2025-07;25807;12947;12860
DRO;Spoorwegbrug Drongen (F6);2025-08;28975;14428;14547
DRO;Spoorwegbrug Drongen (F6);2025-09;34139;17143;16996
DRO;Spoorwegbrug Drongen (F6);2025-10;30347;14370;15977
DRO;Spoorwegbrug Drongen (F6);2025-11;27049;12250;14799
DRO;Spoorwegbrug Drongen (F6);2025-12;22145;9956;12189
DRO;Spoorwegbrug Drongen (F6);2026-01;20949;9490;11459
DRO;Spoorwegbrug Drongen (F6);2026-02;22714;10337;12377
DRO;Spoorwegbrug Drongen (F6);2026-03;36322;17149;19173
GAA;Gaardeniersbrug;2020-07;33830;16818;17012
GAA;Gaardeniersbrug;2020-08;64752;31976;32776
GAA;Gaardeniersbrug;2020-09;81195;40103;41092
GAA;Gaardeniersbrug;2020-10;67582;33522;34060
GAA;Gaardeniersbrug;2020-11;51378;25529;25849
GAA;Gaardeniersbrug;2020-12;50396;24879;25517
GAA;Gaardeniersbrug;2021-01;48279;23957;24322
GAA;Gaardeniersbrug;2021-02;48391;24000;24391
GAA;Gaardeniersbrug;2021-03;67030;33469;33561
GAA;Gaardeniersbrug;2021-04;61437;30757;30680
GAA;Gaardeniersbrug;2021-05;65357;32424;32933
GAA;Gaardeniersbrug;2021-06;85543;42884;42659
GAA;Gaardeniersbrug;2021-07;63244;31389;31855
GAA;Gaardeniersbrug;2021-08;66194;32966;33228
GAA;Gaardeniersbrug;2021-09;93008;46048;46960
GAA;Gaardeniersbrug;2021-10;85171;42312;42859
GAA;Gaardeniersbrug;2021-11;69780;34578;35202
GAA;Gaardeniersbrug;2021-12;57298;28417;28881
GAA;Gaardeniersbrug;2022-01;60862;30386;30476
GAA;Gaardeniersbrug;2022-02;37192;18434;18758
GAA;Gaardeniersbrug;2022-04;31182;15371;15811
GAA;Gaardeniersbrug;2022-05;97966;47569;50397
GAA;Gaardeniersbrug;2022-06;92085;44560;47525
GAA;Gaardeniersbrug;2022-07;77635;36079;41556
GAA;Gaardeniersbrug;2022-08;78722;38740;39982
GAA;Gaardeniersbrug;2022-09;75064;36385;38679
GAA;Gaardeniersbrug;2022-10;97826;46077;51749
GAA;Gaardeniersbrug;2022-11;88647;42493;46154
GAA;Gaardeniersbrug;2022-12;73053;36538;36515
GAA;Gaardeniersbrug;2023-01;78806;38966;39840
GAA;Gaardeniersbrug;2023-02;86075;42793;43282
GAA;Gaardeniersbrug;2023-03;97207;47975;49232
GAA;Gaardeniersbrug;2023-04;89625;44177;45448
GAA;Gaardeniersbrug;2023-05;113698;55987;57711
GAA;Gaardeniersbrug;2023-06;120444;58867;61577
GAA;Gaardeniersbrug;2023-07;97806;48300;49506
GAA;Gaardeniersbrug;2023-08;98834;48942;49892
GAA;Gaardeniersbrug;2023-09;127858;63065;64793
GAA;Gaardeniersbrug;2023-10;123249;60671;62578
GAA;Gaardeniersbrug;2023-11;98143;48329;49814
GAA;Gaardeniersbrug;2023-12;90941;44719;46222
GAA;Gaardeniersbrug;2024-01;92176;45621;46555
GAA;Gaardeniersbrug;2024-02;100793;49795;50998
GAA;Gaardeniersbrug;2024-03;117213;57626;59587
GAA;Gaardeniersbrug;2024-04;103344;50701;52643
GAA;Gaardeniersbrug;2024-05;122372;60537;61835
GAA;Gaardeniersbrug;2024-06;126705;63183;63522
GAA;Gaardeniersbrug;2024-07;112802;55681;57121
GAA;Gaardeniersbrug;2024-08;109420;53744;55676
GAA;Gaardeniersbrug;2024-09;130402;64101;66301
GAA;Gaardeniersbrug;2024-10;138500;68023;70477
GAA;Gaardeniersbrug;2024-11;114431;56574;57857
GAA;Gaardeniersbrug;2024-12;100286;49358;50928
GAA;Gaardeniersbrug;2025-01;99901;49141;50760
GAA;Gaardeniersbrug;2025-02;106139;52252;53887
GAA;Gaardeniersbrug;2025-03;134430;66288;68142
GAA;Gaardeniersbrug;2025-04;129831;63671;66160
GAA;Gaardeniersbrug;2025-05;144213;70739;73474
GAA;Gaardeniersbrug;2025-06;143844;70496;73348
GAA;Gaardeniersbrug;2025-07;128061;62511;65550
GAA;Gaardeniersbrug;2025-08;123142;60188;62954
GAA;Gaardeniersbrug;2025-09;156670;76636;80034
GAA;Gaardeniersbrug;2025-10;150571;73415;77156
GAA;Gaardeniersbrug;2025-11;130676;63731;66945
GAA;Gaardeniersbrug;2025-12;124425;60365;64060
GAA;Gaardeniersbrug;2026-01;118074;57404;60670
GAA;Gaardeniersbrug;2026-02;122972;59924;63048
GAA;Gaardeniersbrug;2026-03;164360;80479;83881
GRO;Groendreef;2018-10;167199;78489;88710
GRO;Groendreef;2018-11;145990;66331;79659
GRO;Groendreef;2018-12;108177;51179;56998
GRO;Groendreef;2019-01;104195;49903;54292
GRO;Groendreef;2019-02;127008;61071;65937
GRO;Groendreef;2019-03;128822;61903;66919
GRO;Groendreef;2019-04;131342;62884;68458
GRO;Groendreef;2019-05;149702;71446;78256
GRO;Groendreef;2019-06;147229;69786;77443
GRO;Groendreef;2019-07;126914;60517;66397
GRO;Groendreef;2019-08;118645;56219;62426
GRO;Groendreef;2019-09;139678;65935;73743
GRO;Groendreef;2019-10;137257;64956;72301
GRO;Groendreef;2019-11;63804;30267;33537
GRO;Groendreef;2019-12;85732;40754;44978
GRO;Groendreef;2020-01;83251;39765;43486
GRO;Groendreef;2020-02;49851;23412;26439
GRO;Groendreef;2020-03;44577;21262;23315
GRO;Groendreef;2020-04;94447;42974;51473
GRO;Groendreef;2020-05;29256;9214;20042
GRO;Groendreef;2020-06;14673;4150;10523
GRO;Groendreef;2020-07;18406;6427;11979
GRO;Groendreef;2020-08;14525;5317;9208
GRO;Groendreef;2020-09;10706;5068;5638
GRO;Groendreef;2020-10;98659;46951;51708
GRO;Groendreef;2020-11;82592;34119;48473
GRO;Groendreef;2020-12;77960;31398;46562
GRO;Groendreef;2021-01;76647;30275;46372
GRO;Groendreef;2021-02;76991;31338;45653
GRO;Groendreef;2021-03;110957;47062;63895
GRO;Groendreef;2021-04;100147;42912;57235
GRO;Groendreef;2021-05;115190;51130;64060
GRO;Groendreef;2021-06;151651;69974;81677
GRO;Groendreef;2021-07;109253;50549;58704
GRO;Groendreef;2021-08;112271;52548;59723
GRO;Groendreef;2021-09;170334;82663;87671
GRO;Groendreef;2021-10;141931;67947;73984
GRO;Groendreef;2021-11;132104;62574;69530
GRO;Groendreef;2021-12;109387;51722;57665
GRO;Groendreef;2022-01;110863;52134;58729
GRO;Groendreef;2022-02;115709;54519;61190
GRO;Groendreef;2022-03;166638;76370;90268
GRO;Groendreef;2022-04;137830;64411;73419
GRO;Groendreef;2022-05;185090;86787;98303
GRO;Groendreef;2022-06;154921;72877;82044
GRO;Groendreef;2022-07;156539;72666;83873
GRO;Groendreef;2022-08;150211;69152;81059
GRO;Groendreef;2022-09;174359;80808;93551
GRO;Groendreef;2022-10;191796;88690;103106
GRO;Groendreef;2022-11;158142;73911;84231
GRO;Groendreef;2022-12;118214;50964;67250
GRO;Groendreef;2023-01;129170;59078;70092
GRO;Groendreef;2023-02;141038;64639;76399
GRO;Groendreef;2023-03;160150;72113;88037
GRO;Groendreef;2023-04;140979;63882;77097
GRO;Groendreef;2023-05;180792;82839;97953
GRO;Groendreef;2023-06;198695;90807;107888
GRO;Groendreef;2023-07;140276;65978;74298
GRO;Groendreef;2023-08;145585;66850;78735
GRO;Groendreef;2023-09;199835;93945;105890
GRO;Groendreef;2023-10;195912;89052;106860
GRO;Groendreef;2023-11;150186;67725;82461
GRO;Groendreef;2023-12;138783;62711;76072
GRO;Groendreef;2024-01;137482;62546;74936
GRO;Groendreef;2024-02;152887;69435;83452
GRO;Groendreef;2024-03;183327;82731;100596
GRO;Groendreef;2024-04;159179;72755;86424
GRO;Groendreef;2024-05;153527;71279;82248
GRO;Groendreef;2024-06;153027;71114;81913
GRO;Groendreef;2024-07;157906;73016;84890
GRO;Groendreef;2024-08;143126;63629;79497
GRO;Groendreef;2024-09;201292;94120;107172
GRO;Groendreef;2024-10;215458;100014;115444
GRO;Groendreef;2024-11;177785;81770;96015
GRO;Groendreef;2024-12;148934;67312;81622
GRO;Groendreef;2025-01;147906;66817;81089
GRO;Groendreef;2025-02;158173;71145;87028
GRO;Groendreef;2025-03;201648;91583;110065
GRO;Groendreef;2025-04;188195;86385;101810
GRO;Groendreef;2025-05;214404;99128;115276
GRO;Groendreef;2025-06;206570;96646;109924
GRO;Groendreef;2025-07;175245;81179;94066
GRO;Groendreef;2025-08;167899;77459;90440
GRO;Groendreef;2025-09;219152;101138;118014
GRO;Groendreef;2025-10;216374;100143;116231
GRO;Groendreef;2025-11;189137;86546;102591
GRO;Groendreef;2025-12;171701;77656;94045
GRO;Groendreef;2026-01;152965;67381;85584
GRO;Groendreef;2026-02;162003;73731;88272
GRO;Groendreef;2026-03;221640;102644;118996
HAV;Louisa d'Havébrug (F400);2024-10;226442;110706;115736
HAV;Louisa d'Havébrug (F400);2024-11;192976;93770;99206
HAV;Louisa d'Havébrug (F400);2024-12;153771;74001;79770
HAV;Louisa d'Havébrug (F400);2025-01;157286;76292;80994
HAV;Louisa d'Havébrug (F400);2025-02;178132;87334;90798
HAV;Louisa d'Havébrug (F400);2025-03;226277;109165;117112
HAV;Louisa d'Havébrug (F400);2025-04;211260;101935;109325
HAV;Louisa d'Havébrug (F400);2025-05;234233;118249;115984
HAV;Louisa d'Havébrug (F400);2025-06;218012;104383;113629
HAV;Louisa d'Havébrug (F400);2025-07;166884;78799;88085
HAV;Louisa d'Havébrug (F400);2025-08;188374;92959;95415
HAV;Louisa d'Havébrug (F400);2025-09;220044;108006;112038
HAV;Louisa d'Havébrug (F400);2025-10;232539;112997;119542
HAV;Louisa d'Havébrug (F400);2025-11;194716;94479;100237
HAV;Louisa d'Havébrug (F400);2025-12;171192;82732;88460
HAV;Louisa d'Havébrug (F400);2026-01;154353;75348;79005
HAV;Louisa d'Havébrug (F400);2026-02;154403;73391;81012
HAV;Louisa d'Havébrug (F400);2026-03;195139;87327;107812
ISA;Isabellakaai;2022-04;66752;34521;32231
ISA;Isabellakaai;2022-05;84462;42449;42013
ISA;Isabellakaai;2022-06;78017;39445;38572
ISA;Isabellakaai;2022-07;59680;29191;30489
ISA;Isabellakaai;2022-08;56459;26229;30230
ISA;Isabellakaai;2022-09;63672;29621;34051
ISA;Isabellakaai;2022-10;84256;39222;45034
ISA;Isabellakaai;2022-11;65601;30688;34913
ISA;Isabellakaai;2022-12;49459;22944;26515
ISA;Isabellakaai;2023-01;45460;21279;24181
ISA;Isabellakaai;2023-02;54243;25689;28554
ISA;Isabellakaai;2023-03;66762;30716;36046
ISA;Isabellakaai;2023-04;54821;25771;29050
ISA;Isabellakaai;2023-05;65993;31047;34946
ISA;Isabellakaai;2023-06;67099;32326;34773
ISA;Isabellakaai;2023-07;49728;23575;26153
ISA;Isabellakaai;2023-08;48833;23015;25818
ISA;Isabellakaai;2023-09;73575;35122;38453
ISA;Isabellakaai;2023-10;95925;47200;48725
ISA;Isabellakaai;2023-11;75702;37847;37855
ISA;Isabellakaai;2023-12;65693;33258;32435
ISA;Isabellakaai;2024-01;60424;30639;29785
ISA;Isabellakaai;2024-02;76401;38425;37976
ISA;Isabellakaai;2024-03;95734;48128;47606
ISA;Isabellakaai;2024-04;77333;38969;38364
ISA;Isabellakaai;2024-05;85698;43556;42142
ISA;Isabellakaai;2024-06;84362;42923;41439
ISA;Isabellakaai;2024-07;75596;38361;37235
ISA;Isabellakaai;2024-08;71575;36267;35308
ISA;Isabellakaai;2024-09;92877;47154;45723
ISA;Isabellakaai;2024-10;125692;64046;61646
ISA;Isabellakaai;2024-11;97741;50270;47471
ISA;Isabellakaai;2024-12;78577;40610;37967
ISA;Isabellakaai;2025-01;70879;36853;34026
ISA;Isabellakaai;2025-02;83702;43412;40290
ISA;Isabellakaai;2025-03;111812;56969;54843
ISA;Isabellakaai;2025-04;97122;49377;47745
ISA;Isabellakaai;2025-05;103276;53217;50059
ISA;Isabellakaai;2025-06;95970;48976;46994
ISA;Isabellakaai;2025-07;84697;43251;41446
ISA;Isabellakaai;2025-08;76993;39633;37360
ISA;Isabellakaai;2025-09;102788;52684;50104
ISA;Isabellakaai;2025-10;125730;64908;60822
ISA;Isabellakaai;2025-11;102190;52962;49228
ISA;Isabellakaai;2025-12;85940;44558;41382
ISA;Isabellakaai;2026-01;70704;37057;33647
ISA;Isabellakaai;2026-02;84398;43846;40552
ISA;Isabellakaai;2026-03;119402;60208;59194
SAS;Marie Sassepad (F400);2024-10;159009;81140;77869
SAS;Marie Sassepad (F400);2024-11;134511;67643;66868
SAS;Marie Sassepad (F400);2024-12;108383;54632;53751
SAS;Marie Sassepad (F400);2025-01;110448;55495;54953
SAS;Marie Sassepad (F400);2025-02;127721;63099;64622
SAS;Marie Sassepad (F400);2025-03;163966;82106;81860
SAS;Marie Sassepad (F400);2025-04;154815;77482;77333
SAS;Marie Sassepad (F400);2025-05;165984;83259;82725
SAS;Marie Sassepad (F400);2025-06;161193;81943;79250
SAS;Marie Sassepad (F400);2025-07;125359;63967;61392
SAS;Marie Sassepad (F400);2025-08;135317;68077;67240
SAS;Marie Sassepad (F400);2025-09;155225;78126;77099
SAS;Marie Sassepad (F400);2025-10;162827;80746;82081
SAS;Marie Sassepad (F400);2025-11;133045;65431;67614
SAS;Marie Sassepad (F400);2025-12;117011;57395;59616
SAS;Marie Sassepad (F400);2026-01;107593;53567;54026
SAS;Marie Sassepad (F400);2026-02;119822;58957;60865
SAS;Marie Sassepad (F400);2026-03;146558;81139;65419
VIS;Visserij;2022-01;108281;45701;62580
VIS;Visserij;2022-02;120270;54074;66196
VIS;Visserij;2022-03;171348;79595;91753
VIS;Visserij;2022-04;149630;70995;78635
VIS;Visserij;2022-05;196674;95174;101500
VIS;Visserij;2022-06;188430;89920;98510
VIS;Visserij;2022-07;179261;85667;93594
VIS;Visserij;2022-08;161199;76901;84298
VIS;Visserij;2022-09;183780;87630;96150
VIS;Visserij;2022-10;200443;96712;103731
VIS;Visserij;2022-11;163795;78247;85548
VIS;Visserij;2022-12;139859;66120;73739
VIS;Visserij;2023-01;143190;68024;75166
VIS;Visserij;2023-02;150404;72141;78263
VIS;Visserij;2023-03;169396;81029;88367
VIS;Visserij;2023-04;146039;70951;75088
VIS;Visserij;2023-05;184393;88991;95402
VIS;Visserij;2023-06;215731;104766;110965
VIS;Visserij;2023-07;180927;88979;91948
VIS;Visserij;2023-08;151392;73723;77669
VIS;Visserij;2023-09;199228;96558;102670
VIS;Visserij;2023-10;191475;93112;98363
VIS;Visserij;2023-11;151374;73323;78051
VIS;Visserij;2023-12;142056;69043;73013
VIS;Visserij;2024-01;140513;67298;73215
VIS;Visserij;2024-02;152090;73137;78953
VIS;Visserij;2024-03;180566;87409;93157
VIS;Visserij;2024-04;160151;76925;83226
VIS;Visserij;2024-05;185588;89091;96497
VIS;Visserij;2024-06;193166;92712;100454
VIS;Visserij;2024-07;189758;92378;97380
VIS;Visserij;2024-08;158989;77554;81435
VIS;Visserij;2024-09;193978;94984;98994
VIS;Visserij;2024-10;207321;100892;106429
VIS;Visserij;2024-11;175322;83628;91694
VIS;Visserij;2024-12;152352;72744;79608
VIS;Visserij;2025-01;154175;73514;80661
VIS;Visserij;2025-02;157542;75800;81742
VIS;Visserij;2025-03;192618;93832;98786
VIS;Visserij;2025-04;181873;87416;94457
VIS;Visserij;2025-05;217907;103818;114089
VIS;Visserij;2025-06;209322;99296;110026
VIS;Visserij;2025-07;166490;80732;85758
VIS;Visserij;2025-08;174873;83589;91284
VIS;Visserij;2025-09;211966;101696;110270
VIS;Visserij;2025-10;204734;98106;106628
VIS;Visserij;2025-11;183325;88349;94976
VIS;Visserij;2025-12;174885;84579;90306
VIS;Visserij;2026-01;159493;78132;81361
VIS;Visserij;2026-02;161890;77878;84012
VIS;Visserij;2026-03;214354;102902;111452
ZUI;Zuidparklaan;2018-10;91708;43063;48645
ZUI;Zuidparklaan;2018-11;78078;36875;41203
ZUI;Zuidparklaan;2018-12;66080;31319;34761
ZUI;Zuidparklaan;2019-01;57784;27152;30632
ZUI;Zuidparklaan;2019-02;67500;31959;35541
ZUI;Zuidparklaan;2019-03;46802;22146;24656
ZUI;Zuidparklaan;2019-04;62052;29107;32945
ZUI;Zuidparklaan;2019-05;76079;36196;39883
ZUI;Zuidparklaan;2019-06;73014;35123;37891
ZUI;Zuidparklaan;2019-07;75177;37947;37230
ZUI;Zuidparklaan;2019-08;60096;30832;29264
ZUI;Zuidparklaan;2019-09;66436;36731;29705
ZUI;Zuidparklaan;2019-10;63425;37757;25668
ZUI;Zuidparklaan;2019-11;50787;32951;17836
ZUI;Zuidparklaan;2019-12;42029;26301;15728
ZUI;Zuidparklaan;2020-01;40119;23801;16318
ZUI;Zuidparklaan;2020-02;42555;22598;19957
ZUI;Zuidparklaan;2020-03;46413;22297;24116
ZUI;Zuidparklaan;2020-04;48721;21479;27242
ZUI;Zuidparklaan;2020-05;42984;16862;26122
ZUI;Zuidparklaan;2020-06;88934;38524;50410
ZUI;Zuidparklaan;2020-07;75549;34038;41511
ZUI;Zuidparklaan;2020-08;79538;35675;43863
ZUI;Zuidparklaan;2020-09;94015;42972;51043
ZUI;Zuidparklaan;2020-10;79557;35061;44496
ZUI;Zuidparklaan;2020-11;51615;21858;29757
ZUI;Zuidparklaan;2020-12;50161;22007;28154
ZUI;Zuidparklaan;2021-01;28265;12748;15517
ZUI;Zuidparklaan;2021-02;41898;19447;22451
ZUI;Zuidparklaan;2021-03;57054;26712;30342
ZUI;Zuidparklaan;2021-04;53727;24962;28765
ZUI;Zuidparklaan;2021-05;60603;27376;33227
ZUI;Zuidparklaan;2021-06;77686;37353;40333
ZUI;Zuidparklaan;2021-07;64918;31263;33655
ZUI;Zuidparklaan;2021-08;50777;24582;26195
ZUI;Zuidparklaan;2021-09;69038;31610;37428
ZUI;Zuidparklaan;2021-10;71552;35106;36446
ZUI;Zuidparklaan;2021-11;58295;28389;29906
ZUI;Zuidparklaan;2021-12;46688;22400;24288
ZUI;Zuidparklaan;2022-01;31982;15293;16689
ZUI;Zuidparklaan;2022-02;49233;23439;25794
ZUI;Zuidparklaan;2022-03;71204;34012;37192
ZUI;Zuidparklaan;2022-04;60057;28008;32049
ZUI;Zuidparklaan;2022-05;71752;31891;39861
ZUI;Zuidparklaan;2022-06;64696;26535;38161
ZUI;Zuidparklaan;2022-07;66471;27517;38954
ZUI;Zuidparklaan;2022-08;57618;22841;34777
ZUI;Zuidparklaan;2022-09;72261;33028;39233
ZUI;Zuidparklaan;2022-10;91076;44527;46549
ZUI;Zuidparklaan;2022-11;74436;36365;38071
ZUI;Zuidparklaan;2022-12;58948;28357;30591
ZUI;Zuidparklaan;2023-01;55801;26944;28857
ZUI;Zuidparklaan;2023-02;61467;29582;31885
ZUI;Zuidparklaan;2023-03;71769;34646;37123
ZUI;Zuidparklaan;2023-04;62625;30064;32561
ZUI;Zuidparklaan;2023-05;71312;32654;38658
ZUI;Zuidparklaan;2023-06;71799;26985;44814
ZUI;Zuidparklaan;2023-07;68277;28763;39514
ZUI;Zuidparklaan;2023-08;55767;23794;31973
ZUI;Zuidparklaan;2023-09;75620;31450;44170
ZUI;Zuidparklaan;2023-10;88486;40941;47545
ZUI;Zuidparklaan;2023-11;68264;32721;35543
ZUI;Zuidparklaan;2023-12;65982;31515;34467
ZUI;Zuidparklaan;2024-03;9275;4433;4842
ZUI;Zuidparklaan;2024-04;49669;22843;26826
ZUI;Zuidparklaan;2024-05;58598;27155;31443
ZUI;Zuidparklaan;2024-06;59726;27780;31946
ZUI;Zuidparklaan;2024-07;60463;28712;31751
ZUI;Zuidparklaan;2024-08;50160;22629;27531
ZUI;Zuidparklaan;2024-09;57052;26666;30386
ZUI;Zuidparklaan;2024-10;63889;30136;33753
ZUI;Zuidparklaan;2024-11;48394;22307;26087
ZUI;Zuidparklaan;2024-12;43722;19882;23840
ZUI;Zuidparklaan;2025-01;36935;16410;20525
ZUI;Zuidparklaan;2025-02;43590;19640;23950
ZUI;Zuidparklaan;2025-03;63220;28826;34394
ZUI;Zuidparklaan;2025-04;61378;28271;33107
ZUI;Zuidparklaan;2025-05;64564;29542;35022
ZUI;Zuidparklaan;2025-06;66935;31405;35530
ZUI;Zuidparklaan;2025-07;68909;32456;36453
ZUI;Zuidparklaan;2025-08;55473;24827;30646
ZUI;Zuidparklaan;2025-09;69989;32673;37316
ZUI;Zuidparklaan;2025-10;71808;33418;38390
ZUI;Zuidparklaan;2025-11;57678;27008;30670
ZUI;Zuidparklaan;2026-01;43394;19551;23843
ZUI;Zuidparklaan;2026-02;50264;23120;27144
ZUI;Zuidparklaan;2026-03;71117;32839;38278
